{"properties":{"connectionReferences":{"shared_sharepointonline":{"runtimeSource":"embedded","connection":{},"api":{"name":"shared_sharepointonline"}}},"definition":{"$schema":"https://schema.management.azure.com/providers/Microsoft.Logic/schemas/2016-06-01/workflowdefinition.json#","contentVersion":"1.0.0.0","parameters":{"$connections":{"defaultValue":{},"type":"Object"},"$authentication":{"defaultValue":{},"type":"SecureObject"}},"triggers":{"Recurrence":{"recurrence":{"frequency":"Month","interval":1},"type":"Recurrence"}},"actions":{"TeamRequest_List":{"actions":{"Send_an_HTTP_request_to_SharePoint_TeamRequest":{"runAfter":{},"metadata":{"flowSystemMetadata":{"swaggerOperationId":"HttpRequest"}},"type":"ApiConnection","inputs":{"host":{"connection":{"name":"@parameters('$connections')['shared_sharepointonline']['connectionId']"}},"method":"post","body":{"method":"POST","uri":"/_api/web/lists","headers":{"Accept":"application/json;odata=verbose","Content-Type":"application/json;odata=verbose"},"body":"{\n  \"__metadata\": {\"type\": \"SP.List\"},\n  \"AllowContentTypes\": true,\n  \"BaseTemplate\": 100,\n \"Description\": \"Request A Team List\",\n \"Title\": \"TeamRequest\"\n}"},"path":"/datasets/@{encodeURIComponent(encodeURIComponent(variables('varSitePrefix')))}/httprequest","authentication":"@parameters('$authentication')"}},"TeamName":{"runAfter":{"Requestor":["Succeeded"]},"metadata":{"flowSystemMetadata":{"swaggerOperationId":"HttpRequest"}},"type":"ApiConnection","inputs":{"host":{"connection":{"name":"@parameters('$connections')['shared_sharepointonline']['connectionId']"}},"method":"post","body":{"method":"POST","uri":"_api/lists/getbytitle('TeamRequest')/fields","headers":{"Accept":"application/json;odata=verbose","Content-Type":"application/json;odata=verbose"},"body":"{\n    '__metadata': {'type':'SP.FieldText','addtodefaultview':'true'},\n    'FieldTypeKind': 2,\n    'Title': 'TeamName'\n}"},"path":"/datasets/@{encodeURIComponent(encodeURIComponent(variables('varSitePrefix')))}/httprequest","authentication":"@parameters('$authentication')"}},"EndDate":{"runAfter":{"TeamMember":["Succeeded"]},"metadata":{"flowSystemMetadata":{"swaggerOperationId":"HttpRequest"}},"type":"ApiConnection","inputs":{"host":{"connection":{"name":"@parameters('$connections')['shared_sharepointonline']['connectionId']"}},"method":"post","body":{"method":"POST","uri":"_api/lists/getbytitle('TeamRequest')/fields","headers":{"Accept":"application/json;odata=verbose","Content-Type":"application/json;odata=verbose"},"body":"{\n    '__metadata': {'type':'SP.FieldText','addtodefaultview':'true'},\n    'FieldTypeKind': 4,\n    'Title': 'EndDate'\n\n}"},"path":"/datasets/@{encodeURIComponent(encodeURIComponent(variables('varSitePrefix')))}/httprequest","authentication":"@parameters('$authentication')"}},"Requestor":{"runAfter":{"Send_an_HTTP_request_to_SharePoint_TeamRequest":["Succeeded"]},"metadata":{"flowSystemMetadata":{"swaggerOperationId":"HttpRequest"}},"type":"ApiConnection","inputs":{"host":{"connection":{"name":"@parameters('$connections')['shared_sharepointonline']['connectionId']"}},"method":"post","body":{"method":"POST","uri":"_api/lists/getbytitle('TeamRequest')/fields","headers":{"Accept":"application/json;odata=verbose","Content-Type":"application/json;odata=verbose"},"body":"{\n    '__metadata': {'type':'SP.FieldText','addtodefaultview':'true'},\n    'FieldTypeKind': 20,\n    'Title': 'Requestor'\n}"},"path":"/datasets/@{encodeURIComponent(encodeURIComponent(variables('varSitePrefix')))}/httprequest","authentication":"@parameters('$authentication')"}},"TeamOwner":{"runAfter":{"TeamDesc":["Succeeded"]},"metadata":{"flowSystemMetadata":{"swaggerOperationId":"HttpRequest"}},"type":"ApiConnection","inputs":{"host":{"connection":{"name":"@parameters('$connections')['shared_sharepointonline']['connectionId']"}},"method":"post","body":{"method":"POST","uri":"_api/lists/getbytitle('TeamRequest')/fields","headers":{"Accept":"application/json;odata=verbose","Content-Type":"application/json;odata=verbose"},"body":"{\n    '__metadata': {'type':'SP.FieldText','addtodefaultview':'true'},\n    'FieldTypeKind': 20,\n    'Title': 'TeamOwner'\n}"},"path":"/datasets/@{encodeURIComponent(encodeURIComponent(variables('varSitePrefix')))}/httprequest","authentication":"@parameters('$authentication')"}},"TeamDesc":{"runAfter":{"TeamName":["Succeeded"]},"metadata":{"flowSystemMetadata":{"swaggerOperationId":"HttpRequest"}},"type":"ApiConnection","inputs":{"host":{"connection":{"name":"@parameters('$connections')['shared_sharepointonline']['connectionId']"}},"method":"post","body":{"method":"POST","uri":"_api/lists/getbytitle('TeamRequest')/fields","headers":{"Accept":"application/json;odata=verbose","Content-Type":"application/json;odata=verbose"},"body":"{\n    '__metadata': {'type':'SP.FieldText','addtodefaultview':'true'},\n    'FieldTypeKind': 3,\n    'Title': 'TeamDescription'\n}"},"path":"/datasets/@{encodeURIComponent(encodeURIComponent(variables('varSitePrefix')))}/httprequest","authentication":"@parameters('$authentication')"}},"TeamMember":{"runAfter":{"TeamOwner":["Succeeded"]},"metadata":{"flowSystemMetadata":{"swaggerOperationId":"HttpRequest"}},"type":"ApiConnection","inputs":{"host":{"connection":{"name":"@parameters('$connections')['shared_sharepointonline']['connectionId']"}},"method":"post","body":{"method":"POST","uri":"_api/lists/getbytitle('TeamRequest')/fields","headers":{"Accept":"application/json;odata=verbose","Content-Type":"application/json;odata=verbose"},"body":"{\n    '__metadata': {'type':'SP.FieldText','addtodefaultview':'true'},\n    'FieldTypeKind': 20,\n    'Title': 'TeamMember'\n}"},"path":"/datasets/@{encodeURIComponent(encodeURIComponent(variables('varSitePrefix')))}/httprequest","authentication":"@parameters('$authentication')"}},"ApprovalStatus":{"runAfter":{"EndDate":["Succeeded"]},"metadata":{"flowSystemMetadata":{"swaggerOperationId":"HttpRequest"}},"type":"ApiConnection","inputs":{"host":{"connection":{"name":"@parameters('$connections')['shared_sharepointonline']['connectionId']"}},"method":"post","body":{"method":"POST","uri":"_api/lists/getbytitle('TeamRequest')/fields","headers":{"Accept":"application/json;odata=verbose","Content-Type":"application/json;odata=verbose"},"body":"{\n    '__metadata': {'type':'SP.FieldChoice','addtodefaultview':'true'},\n    'FieldTypeKind': 6,\n    'Title': 'ApprovalStatus',\n'Choices': { 'results': ['Pending','Approved','Rejected','Started','Approval Started' ],\ndefaultvalue:'Pending'\n}}"},"path":"/datasets/@{encodeURIComponent(encodeURIComponent(variables('varSitePrefix')))}/httprequest","authentication":"@parameters('$authentication')"}}},"runAfter":{"Initialize_variable_-_Fields_to_View":["Succeeded"]},"type":"Scope"},"Initialize_variable_-_varSitePrefix":{"runAfter":{},"type":"InitializeVariable","inputs":{"variables":[{"name":"varSitePrefix","type":"string","value":"https://m365x787726.sharepoint.com/sites/makers"}]}},"Scope":{"actions":{"Apply_to_each":{"foreach":"@variables('Fields')","actions":{"Send_an_HTTP_request_to_SharePoint":{"runAfter":{},"metadata":{"flowSystemMetadata":{"swaggerOperationId":"HttpRequest"}},"type":"ApiConnection","inputs":{"host":{"connection":{"name":"@parameters('$connections')['shared_sharepointonline']['connectionId']"}},"method":"post","body":{"method":"POST","uri":"_api/lists/getbytitle('TeamRequest')/views/GetByTitle('All%20Items')/Viewfields/AddViewField('@{items('Apply_to_each')}')"},"path":"/datasets/@{encodeURIComponent(encodeURIComponent(variables('varSitePrefix')))}/httprequest","authentication":"@parameters('$authentication')"}}},"runAfter":{},"type":"Foreach"}},"runAfter":{"TeamRequest_List":["Succeeded"]},"type":"Scope"},"Initialize_variable_-_Fields_to_View":{"runAfter":{"Initialize_variable_-_varSitePrefix":["Succeeded"]},"type":"InitializeVariable","inputs":{"variables":[{"name":"Fields","type":"array","value":["Requestor","TeamName","TeamDescription","TeamOwner","TeamMember","EndDate","ApprovalStatus"]}]}}}}},"schemaVersion":"1.0.0.0"}