{"schemaVersion":"1.0","appDefinitionTemplate":{"id":"/providers/Microsoft.PowerApps/apps/","type":"Microsoft.PowerApps/apps","tags":{"primaryDeviceWidth":"1136","primaryDeviceHeight":"640","sienaVersion":"20201115T053302Z-3.20104.40.0","deviceCapabilities":"","supportsPortrait":"false","supportsLandscape":"true","primaryFormFactor":"Phone","publisherVersion":"3.20104.40","minimumRequiredApiVersion":"2.2.0","hasComponent":"false","hasUnlockedComponent":"false","isUnifiedRootApp":"false"},"properties":{"appVersion":"2020-11-15T05:33:02Z","lifeCycleId":"Published","createdByClientVersion":{"major":3,"minor":20104,"build":40,"revision":0,"majorRevision":0,"minorRevision":0},"minClientVersion":{"major":3,"minor":20104,"build":40,"revision":0,"majorRevision":0,"minorRevision":0},"backgroundColor":"rgba(165, 34, 55, 1)","backgroundImageUri":"/17988639333319480902/Nf430a62a-e198-4805-a236-bcc01d7b7b96-logoSmallFile","displayName":"Request A Team - Single Level","description":"Request A Team","commitMessage":"","appUris":{"documentUri":{"value":"/17988639333319480902/Nfaa934b1-584a-471d-986e-b4941074f06a-document.msapp"},"imageUris":[]},"createdTime":"0001-01-01T00:00:00Z","lastModifiedTime":"0001-01-01T00:00:00Z","sharedGroupsCount":0,"sharedUsersCount":0,"icons":{"smallIconUri":"/17988639333319480902/Nf0c78bc2-095f-4fc5-a2a7-e181cf9a2b65-small.png","mediumIconUri":"/17988639333319480902/Nf807a418-423b-4609-8d92-2cf812248781-medium.png","largeIconUri":"/17988639333319480902/N331dce69-1c14-4668-bdb6-35b3d5379e05-large.png","wideIconUri":"/17988639333319480902/N75c70c0f-b563-44dd-bcc2-01a13c430acc-wide.png"},"connectionReferences":{"d0472e97-fb6b-49a7-a8e5-a2fd82e17718":{"id":"8938d003-040f-4069-8b32-03f40be276f3","displayName":"SharePoint","iconUri":"https://connectoricons-prod.azureedge.net/releases/v1.0.1411/1.0.1411.2206/sharepointonline/icon.png","dataSources":["TeamRequest"],"dependencies":[],"dependents":[],"parameterHints":{},"isOnPremiseConnection":false,"bypassConsent":false,"dataSets":{"https://m365x787726.sharepoint.com/sites/TeamRequest":{"dataSources":{"TeamRequest":{"tableName":"f7e1ae80-aa91-40cb-a0d0-137bb5bc5ab4"}}}},"apiTier":"Standard","isCustomApiConnection":false}},"databaseReferences":{},"almMode":"Solution","performanceOptimizationEnabled":true,"canConsumeAppPass":true,"executionRestrictions":{"isTeamsOnly":false,"dataLossPreventionEvaluationResult":{"status":"Compliant","lastEvaluationDate":"2020-11-13T20:10:51.3875574Z","violationDetails":[]}}},"isAppComponentLibrary":false,"appType":"ClassicCanvasApp","appComponents":[]}}