{"properties":{"connectionReferences":{"shared_sharepointonline":{"runtimeSource":"embedded","connection":{},"api":{"name":"shared_sharepointonline"}},"shared_approvals":{"runtimeSource":"embedded","connection":{},"api":{"name":"shared_approvals"}},"shared_teams":{"runtimeSource":"embedded","connection":{},"api":{"name":"shared_teams"}}},"definition":{"$schema":"https://schema.management.azure.com/providers/Microsoft.Logic/schemas/2016-06-01/workflowdefinition.json#","contentVersion":"1.0.0.0","parameters":{"$connections":{"defaultValue":{},"type":"Object"},"$authentication":{"defaultValue":{},"type":"SecureObject"}},"triggers":{"Recurrence":{"recurrence":{"frequency":"Minute","interval":1},"type":"Recurrence"}},"actions":{"Get_items":{"runAfter":{"Initialize_variable_-Approval":["Succeeded"]},"type":"OpenApiConnection","inputs":{"host":{"apiId":"/providers/Microsoft.PowerApps/apis/shared_sharepointonline","connectionName":"shared_sharepointonline","operationId":"GetItems"},"parameters":{"dataset":"https://m365x787726.sharepoint.com/sites/TeamRequest","table":"f7e1ae80-aa91-40cb-a0d0-137bb5bc5ab4","$filter":"ApprovalStatus eq 'Started'"},"authentication":"@parameters('$authentication')"}},"Scope_-_Approval":{"actions":{"Apply_to_each_-_Loops_thru_each_item":{"foreach":"@outputs('Get_items')?['body/value']","actions":{"Start_and_wait_for_an_approval":{"runAfter":{},"type":"OpenApiConnectionWebhook","inputs":{"host":{"apiId":"/providers/Microsoft.PowerApps/apis/shared_approvals","connectionName":"shared_approvals","operationId":"StartAndWaitForAnApproval"},"parameters":{"approvalType":"Basic","WebhookApprovalCreationInput/title":"New Teams Request","WebhookApprovalCreationInput/assignedTo":"@{variables('Approval')};","WebhookApprovalCreationInput/details":"Team Name :@{items('Apply_to_each_-_Loops_thru_each_item')?['TeamName']}\nTeam Description :@{items('Apply_to_each_-_Loops_thru_each_item')?['TeamDescription']}\nRequestor: @{items('Apply_to_each_-_Loops_thru_each_item')?['Requestor/DisplayName']} -@{items('Apply_to_each_-_Loops_thru_each_item')?['Requestor/Email']}","WebhookApprovalCreationInput/itemLink":"@items('Apply_to_each_-_Loops_thru_each_item')?['{Link}']","WebhookApprovalCreationInput/itemLinkDescription":"@items('Apply_to_each_-_Loops_thru_each_item')?['TeamName']","WebhookApprovalCreationInput/requestor":"@{items('Apply_to_each_-_Loops_thru_each_item')?['Requestor/Email']};","WebhookApprovalCreationInput/enableNotifications":true,"WebhookApprovalCreationInput/enableReassignment":true},"authentication":"@parameters('$authentication')"}},"Condition_-_Approval":{"actions":{"Update_item_-_Manager_Approved":{"runAfter":{},"type":"OpenApiConnection","inputs":{"host":{"apiId":"/providers/Microsoft.PowerApps/apis/shared_sharepointonline","connectionName":"shared_sharepointonline","operationId":"PatchItem"},"parameters":{"dataset":"https://m365x787726.sharepoint.com/sites/TeamRequest","table":"f7e1ae80-aa91-40cb-a0d0-137bb5bc5ab4","id":"@items('Apply_to_each_-_Loops_thru_each_item')?['ID']","item/ApprovalStatus/Value":"Approved"},"authentication":"@parameters('$authentication')"}},"Create_a_team":{"runAfter":{"Get_item_-_Grab_Name_just_in_case_of_changes":["Succeeded"]},"type":"OpenApiConnection","inputs":{"host":{"apiId":"/providers/Microsoft.PowerApps/apis/shared_teams","connectionName":"shared_teams","operationId":"CreateATeam"},"parameters":{"body/displayName":"@outputs('Get_item_-_Grab_Name_just_in_case_of_changes')?['body/TeamName']","body/description":"@{outputs('Get_item_-_Grab_Name_just_in_case_of_changes')?['body/TeamName']} - @{outputs('Get_item_-_Grab_Name_just_in_case_of_changes')?['body/EndDate']}","body/visibility":"Private"},"authentication":"@parameters('$authentication')"}},"Update_item":{"runAfter":{"Delay":["Succeeded"]},"type":"OpenApiConnection","inputs":{"host":{"apiId":"/providers/Microsoft.PowerApps/apis/shared_sharepointonline","connectionName":"shared_sharepointonline","operationId":"PatchItem"},"parameters":{"dataset":"https://m365x787726.sharepoint.com/sites/TeamRequest","table":"f7e1ae80-aa91-40cb-a0d0-137bb5bc5ab4","id":"@outputs('Update_item_-_Manager_Approved')?['body/ID']","item/ApprovalStatus/Value":"Completed"},"authentication":"@parameters('$authentication')"}},"Get_item_-_Grab_Name_just_in_case_of_changes":{"runAfter":{"Update_item_-_Manager_Approved":["Succeeded"]},"type":"OpenApiConnection","inputs":{"host":{"apiId":"/providers/Microsoft.PowerApps/apis/shared_sharepointonline","connectionName":"shared_sharepointonline","operationId":"GetItem"},"parameters":{"dataset":"https://m365x787726.sharepoint.com/sites/TeamRequest","table":"f7e1ae80-aa91-40cb-a0d0-137bb5bc5ab4","id":"@outputs('Update_item_-_Manager_Approved')?['body/ID']"},"authentication":"@parameters('$authentication')"}},"Apply_to_each_-_Add_Owners":{"foreach":"@outputs('Get_item_-_Grab_Name_just_in_case_of_changes')?['body/TeamOwner']","actions":{"Add_a_member_to_a_team":{"runAfter":{},"type":"OpenApiConnection","inputs":{"host":{"apiId":"/providers/Microsoft.PowerApps/apis/shared_teams","connectionName":"shared_teams","operationId":"AddMemberToTeam"},"parameters":{"teamId":"@outputs('Create_a_team')?['body/newTeamId']","body/userId":"@items('Apply_to_each_-_Add_Owners')?['Email']","body/owner":true},"authentication":"@parameters('$authentication')"}}},"runAfter":{"Create_a_team":["Succeeded","Failed","Skipped"]},"type":"Foreach"},"Delay":{"runAfter":{"Apply_to_each_-_Add_Members":["Succeeded"]},"type":"Wait","inputs":{"interval":{"count":10,"unit":"Second"}}},"Apply_to_each_-_Add_Members":{"foreach":"@outputs('Get_item_-_Grab_Name_just_in_case_of_changes')?['body/TeamMembers']","actions":{"Add_a_member_to_a_team_-_Members":{"runAfter":{},"type":"OpenApiConnection","inputs":{"host":{"apiId":"/providers/Microsoft.PowerApps/apis/shared_teams","connectionName":"shared_teams","operationId":"AddMemberToTeam"},"parameters":{"teamId":"@outputs('Create_a_team')?['body/newTeamId']","body/userId":"@items('Apply_to_each_-_Add_Members')?['Email']"},"authentication":"@parameters('$authentication')"}}},"runAfter":{"Apply_to_each_-_Add_Owners":["Succeeded","Failed"]},"type":"Foreach"}},"runAfter":{"Start_and_wait_for_an_approval":["Succeeded"]},"else":{"actions":{"Update_item_-_Manager_Rejected":{"runAfter":{},"type":"OpenApiConnection","inputs":{"host":{"apiId":"/providers/Microsoft.PowerApps/apis/shared_sharepointonline","connectionName":"shared_sharepointonline","operationId":"PatchItem"},"parameters":{"dataset":"https://m365x787726.sharepoint.com/sites/TeamRequest","table":"f7e1ae80-aa91-40cb-a0d0-137bb5bc5ab4","id":"@items('Apply_to_each_-_Loops_thru_each_item')?['ID']","item/ApprovalStatus/Value":"Rejected"},"authentication":"@parameters('$authentication')"}}}},"expression":{"equals":["@outputs('Start_and_wait_for_an_approval')?['body/outcome']","Approve"]},"type":"If"}},"runAfter":{},"type":"Foreach","runtimeConfiguration":{"concurrency":{"repetitions":20}}}},"runAfter":{"Apply_to_each_-_Update_Status_to_Approval_Started":["Succeeded"]},"type":"Scope"},"Initialize_variable_-Approval":{"runAfter":{},"type":"InitializeVariable","inputs":{"variables":[{"name":"Approval","type":"string","value":"admin@m365x787726.onmicrosoft.com; jason@m365x787726.onmicrosoft.com"}]},"description":"Add Approver emails separated by ;"},"Apply_to_each_-_Update_Status_to_Approval_Started":{"foreach":"@outputs('Get_items')?['body/value']","actions":{"Update_item_-_Change_status_to_Approval_Started":{"runAfter":{},"type":"OpenApiConnection","inputs":{"host":{"apiId":"/providers/Microsoft.PowerApps/apis/shared_sharepointonline","connectionName":"shared_sharepointonline","operationId":"PatchItem"},"parameters":{"dataset":"https://m365x787726.sharepoint.com/sites/TeamRequest","table":"f7e1ae80-aa91-40cb-a0d0-137bb5bc5ab4","id":"@items('Apply_to_each_-_Update_Status_to_Approval_Started')?['ID']","item/ApprovalStatus/Value":"Approval Started"},"authentication":"@parameters('$authentication')"}}},"runAfter":{"Get_items":["Succeeded"]},"type":"Foreach"}}}},"schemaVersion":"1.0.0.0"}